year,maker,vehicle_category,total
2022,ADISHWAR AUTO RIDE INDIA PVT LTD,TWO WHEELER,1350
2022,ADRIS ELECTRIC PVT LTD,TWO WHEELER,226
2022,AFTEK MOTORS INDIA PVT LTD,TWO WHEELER,186
2022,AHMED MOTORS,TWO WHEELER,18
2022,AJS MOTORCYCLES LTD,TWO WHEELER,1
2022,ALTIUS EV TECH PVT LTD,TWO WHEELER,67
2022,AMO MOBILITY SOLUTIONS PVT LTD,TWO WHEELER,1496
2022,AMPERE VEHICLES PRIVATE LIMITED,TWO WHEELER,79859
2022,AMPERE VEHICLES PVT LTD,TWO WHEELER,2391
2022,ANCHI MOTORCYCLE (IMPORTER: ECOTRINITY AUTOMOBILE,TWO WHEELER,6
2022,ANCHI MOTORCYCLE (IMPORTER: EVNEXUS PVT. LTD.),TWO WHEELER,1
2022,ANVITA AUTO TECH WORKS PVT LTD,TWO WHEELER,30
2022,ATHER ENERGY LTD,TWO WHEELER,51813
2022,ATOMEX E-MOTORS INDIA PVT LTD,TWO WHEELER,3
2022,AUTOROLA INDIA TO,TWO WHEELER,1
2022,AYAAN ELECTRONIC PVT LTD,TWO WHEELER,132
2022,BAJAJ AUTO LTD,TWO WHEELER,1673679
2022,BATTRE ELECTRIC MOBLITY PVT LTD,TWO WHEELER,516
2022,BENLING INDIA ENERGY AND TECHNOLOGY PVT LTD,TWO WHEELER,13130
2022,BGAUSS AUTO PRIVATE LIMITED,TWO WHEELER,1983
2022,BLIX CYCLES AND E-VEHICLES PVT LTD,TWO WHEELER,45
2022,BMW INDIA PVT LTD,TWO WHEELER,6697
2022,BOOMA INNOVATIVE TRANSPORT SULUTIONS PVT LTD,TWO WHEELER,484
2022,BOUNCE ELECTRIC PVT LTD,TWO WHEELER,4515
2022,BSA MOTORS,TWO WHEELER,2
2022,CHANDANA CORPORATION,TWO WHEELER,426
2022,CLASSIC LEGENDS PVT LTD,TWO WHEELER,40968
2022,DAO EVTECH PRIVATE LIMITED,TWO WHEELER,102
2022,DILLI ELECTRIC AUTO PVT LTD,TWO WHEELER,2
2022,DSK MOTOWHEELS PVT LTD.,TWO WHEELER,1
2022,DUCATI INDIA PVT LTD,TWO WHEELER,374
2022,DUCATI MOTOR HOLDING S.P.A,TWO WHEELER,2
2022,ECO FUEL SYSTEMS (I) PVT LTD,TWO WHEELER,728
2022,EICHER MOTORS LTD,TWO WHEELER,2
2022,ELECTRECA VEHICLES,TWO WHEELER,93
2022,ELTHOR ENERGY PRIVATE LIMITED,TWO WHEELER,735
2022,ENGTIAN ELECTRIC BIKE PVT LTD,TWO WHEELER,141
2022,ESCORTS CONSTRUCTION EQUIPMENT LTD,TWO WHEELER,24
2022,ESCORTS R&D CENTRE,TWO WHEELER,1
2022,EVTRIC MOTORS PVT LTD,TWO WHEELER,162
2022,EXERVAL PVT LTD,TWO WHEELER,127
2022,FIADO INDUSTRIES PVT LTD,TWO WHEELER,5
2022,GODREJ AND BOYCE MFG CO LTD,TWO WHEELER,1
2022,GO GREEN EOT (ENERGY OF THINGS) PVT LTD,TWO WHEELER,7
2022,GOREEN E-MOBILITY PVT LTD,TWO WHEELER,5345
2022,GREAVES ELECTRIC MOBILITY PVT LTD,TWO WHEELER,410
2022,GUANGDONG TAYO (IMPORTER: ADISHWAR AUTO),TWO WHEELER,8
2022,HARLEY DAVIDSON (IMPORTER: HERO MOTOCORP),TWO WHEELER,359
2022,H-D MOTOR COMPANY INDIA PVT LTD,TWO WHEELER,61
2022,HERO ELECTRIC VEHICLE PVT LTD,TWO WHEELER,2538
2022,HERO ELECTRIC VEHICLES PVT. LTD,TWO WHEELER,97828
2022,HERO HONDA MOTORS LTD,TWO WHEELER,79
2022,HERO MOTOCORP LTD,TWO WHEELER,5031596
2022,HILLMAN MOTORS LTD,TWO WHEELER,1
2022,HONDA CARS INDIA LTD,TWO WHEELER,1027
2022,HONDA MOTORCYCLE AND SCOOTER INDIA (P) LTD,TWO WHEELER,3862942
2022,HONGHUA INTER CO LTD,TWO WHEELER,1
2022,HONGKONG YIXING (IMPORTER: ADMS MARKETING),TWO WHEELER,14
2022,HOP ELECTRIC MOBILITY PVT LTD,TWO WHEELER,2
2022,HOUSTAN INNOVATION LLP,TWO WHEELER,33
2022,HYUNDAI MOTOR INDIA LTD,TWO WHEELER,3
2022,INDIA KAWASAKI MOTORS PVT LTD,TWO WHEELER,3257
2022,INDIA YAMAHA MOTOR PVT LTD,TWO WHEELER,544760
2022,IRA EDUTECH PVT LTD,TWO WHEELER,98
2022,IVOOMI INNOVATION PVT LTD,TWO WHEELER,627
2022,IZANAU ELECTRIC LLP,TWO WHEELER,32
2022,JIANGSU AIMA (IMPORTER: QUANTUM ENERGY),TWO WHEELER,31
2022,JIANGSU SUNHOU (IMPORTER: SABOO TOR),TWO WHEELER,1
2022,JIANGSU XINRI E-VEHICLE(IMPORTER SWIFT CUR.TECH.),TWO WHEELER,41
2022,JIANGSU XINRI (IMPORTER: NISIKI TECHNOLOGIES),TWO WHEELER,12
2022,JIANGSU ZHEENAIDA (IMPORTER: KLB GLOBAL),TWO WHEELER,496
2022,JITENDRA NEW EV-TECH PVT. LTD,TWO WHEELER,9553
2022,JUNENG MOTORCYCLE (IMPORTER: ADMS MARKETING),TWO WHEELER,9
2022,JUNENG MOTORCYCLE (IMPORTER: ISCOOT MOTERS),TWO WHEELER,37
2022,KABIRA MOBILITY LLP,TWO WHEELER,107
2022,KAWASAKI HEAVY INDUSTRIES LTD,TWO WHEELER,5
2022,KINETIC GREEN ENERGY & POWER SOLUTIONS LTD,TWO WHEELER,2085
2022,KINETIC MOTOR COMPANY LIMITED,TWO WHEELER,9
2022,KLB KOMAKI PVT LTD,TWO WHEELER,3487
2022,KYTE ENERGY PVT. LTD.,TWO WHEELER,18
2022,LECTRIX E VEHICLES PVT LTD,TWO WHEELER,2350
2022,LML LIMITED,TWO WHEELER,6
2022,LOCAL TRAILER MANUFACTURER,TWO WHEELER,1
2022,LOHIA AUTO INDUSTRIES LTD.,TWO WHEELER,1
2022,M2GO ELECTRIC VEHICLE PVT LTD,TWO WHEELER,4
2022,MAA LUXMI E-VEHICLES PVT. LTD.,TWO WHEELER,18
2022,MAHINDRA & MAHINDRA LIMITED,TWO WHEELER,117
2022,MAHINDRA TWO WHEELERS LTD,TWO WHEELER,5
2022,MAJESTIC AUTO LTD,TWO WHEELER,2
2022,MARUTHISAN PVT LTD,TWO WHEELER,84
2022,MARUTI SUZUKI INDIA LTD,TWO WHEELER,37
2022,MEW ELECTRICALS LIMITED,TWO WHEELER,3215
2022,MINI METRO EV L.L.P,TWO WHEELER,1
2022,MIRAKLE 5 AUTOMOBILES PVT LTD,TWO WHEELER,18
2022,MOTOROYALE KINETIC PRIVATE LIMITED,TWO WHEELER,2
2022,M/S VISHNU CLEAN ENERGY VEHICLES LLP,TWO WHEELER,3
2022,MV AGUSTA INDIA PVT LTD,TWO WHEELER,1
2022,NDS ECO MOTORS PVT LTD,TWO WHEELER,28
2022,NINGBO LONGJIA (IMPORTER: ADISHWAR AUTO),TWO WHEELER,208
2022,NISIKI TECHNOLOGIES PVT LTD,TWO WHEELER,167
2022,NUMEROS MOTORS PVT LTD,TWO WHEELER,335
2022,ODYSSE ELECTRIC VEHICLES PVT LTD,TWO WHEELER,313
2022,OKAYA EV PVT LTD,TWO WHEELER,8914
2022,OKINAWA AUTOTECH PVT LTD,TWO WHEELER,103621
2022,OLA ELECTRIC TECHNOLOGIES PVT LTD,TWO WHEELER,109403
2022,OMJAY EV LIMITED,TWO WHEELER,172
2022,OTHERS,TWO WHEELER,160257
2022,OZOTEC AUTOMOBILE PRIVATE LIMITED,TWO WHEELER,93
2022,PIAGGIO VEHICLES PVT LTD,TWO WHEELER,47388
2022,POLARIS INDIA PVT LTD,TWO WHEELER,14
2022,PORFITEL TECHNOLOGY (IMPORTER: AERORIDE),TWO WHEELER,23
2022,PUR ENERGY PVT LTD,TWO WHEELER,14953
2022,QIANJIANG-KEEWAY (IMPORTER: ADISHWAR AUTO),TWO WHEELER,98
2022,QUANTUM ENERGY LTD.,TWO WHEELER,25
2022,REVOLT INTELLICORP PVT LTD,TWO WHEELER,14912
2022,RGM BUSINESS PLUS PVT LTD,TWO WHEELER,1565
2022,ROWWET MOBILITY PVT LTD,TWO WHEELER,143
2022,ROYAL-ENFIELD (UNIT OF EICHER LTD),TWO WHEELER,644454
2022,SBTEK E MOTO PVT LTD,TWO WHEELER,19
2022,SHRI BARSANA E-VEHICLES PVT LTD,TWO WHEELER,1
2022,SMV,TWO WHEELER,26
2022,SRIVARU MOTORS PVT LTD,TWO WHEELER,60
2022,SUPERECO AUTOMOTIVE CO,TWO WHEELER,14
2022,SUZUKI MOTORCYCLE INDIA PVT LTD,TWO WHEELER,648476
2022,TATA MOTORS LTD,TWO WHEELER,1
2022,THUKRAL ELECTRIC BIKES PVT LTD,TWO WHEELER,1
2022,TORK MOTORS PVT LTD,TWO WHEELER,319
2022,TRIUMPH MOTORCYCLES (INDIA) PVT LTD,TWO WHEELER,1014
2022,TUNWAL E MOTORS PVT LTD,TWO WHEELER,58
2022,TVS MOTOR COMPANY LTD,TWO WHEELER,2385446
2022,TYST DRIVE INDIA PVT LTD,TWO WHEELER,40
2022,WARDWIZARD INNOVATIONS & MOBILITY LIMITED,TWO WHEELER,314
2022,WHITE CARBON MOTORS PVT LTD,TWO WHEELER,82
2022,WUXI DONGMA (IMPORTER: DYNAM PRECISION),TWO WHEELER,6
2022,WUXI JIYAYI (IMPORTER: IZANAU ELECTRIC LLP),TWO WHEELER,2
2022,WUXI SAIGE ELECTRIC (IMPORTER: DELTA AUTOCORP LLP),TWO WHEELER,4
2022,WUXI SAIGE ELECTRIC (IMPORTER: GLORIOUS DIGITAL),TWO WHEELER,6
2022,WUXI SAIGE (IMPORTER: E-VISHWA ELECTOBIKE),TWO WHEELER,12
2022,WUXI SAIGE (IMPORTER: WARIVO MOTOR),TWO WHEELER,1
2022,WUXI TENGHUI (IMPORTER: SEEKA E MOTORS),TWO WHEELER,15
2022,XYZ1,TWO WHEELER,1
2022,YANGGUANG LINGMU (IMPORTER: DAWNGATE BUSINESS),TWO WHEELER,25
2022,YANGGUANG LINGMU (IMPORTER: DURGA FILTERS),TWO WHEELER,1
2022,YANGGUANG LINGMU (IMPORTER: REMARK ELECTRIC),TWO WHEELER,13
2022,ZAP (HK) (IMPORTER: IZANAU ELECTRIC),TWO WHEELER,35
2022,ZHEJIANG CFMOTO (IMPORTER: ADISHWAR AUTO),TWO WHEELER,10
2022,ZHEJIANG CHANGLING (IMPORTER: ADISHWAR AUTO),TWO WHEELER,90
2022,ZHEJIANG LUYUAN (IMPORTER: DYNAM EV TECH),TWO WHEELER,21
2022,ZHEJIANG MORNI (IMPORTER: ADISHWAR AUTO),TWO WHEELER,7
2022,3EV INDUSTRIES PVT LTD,THREE WHEELER,390
2022,3S INDUSTRIES PRIVATE LIMITED,THREE WHEELER,68
2022,A3T INCORPORTED,THREE WHEELER,8
2022,AADHYA ENTERPRISES,THREE WHEELER,517
2022,AADITYA GARBAGE PRODUCTS PVT LTD,THREE WHEELER,10
2022,AAHANA COMMERCE PVT LTD,THREE WHEELER,310
2022,AARGEE ELECTRIC,THREE WHEELER,13
2022,ACCRETION POWER AUTOS,THREE WHEELER,608
2022,ADAPT MOTORS PVT LTD,THREE WHEELER,3
2022,ADIDEV TECHNOA PVT LTD,THREE WHEELER,168
2022,ADITYA ENTERPRISES,THREE WHEELER,3
2022,ADITYA SAI INDUSTRIES,THREE WHEELER,129
2022,AGRAWAL RENEWABLE ENERGY PVT LTD,THREE WHEELER,1
2022,AJAY MOTORS PRIVATE LIMITED,THREE WHEELER,33
2022,A K AUTTO ELECTRICAL,THREE WHEELER,3
2022,A K GUPTA & CO.,THREE WHEELER,433
2022,ALBEDO VISION PVT LTD,THREE WHEELER,14
2022,ALLFINE INDUSTRIES PVT LTD,THREE WHEELER,5883
2022,ALTIER ELECTRIC VEHICLES PVT LTD,THREE WHEELER,1626
2022,ALTIGREEN PROPULSION LABS PVT LTD,THREE WHEELER,699
2022,ALTIUS TECHNOLOGIES,THREE WHEELER,9
2022,AMAN AUTOMOBILES,THREE WHEELER,30
2022,AMAN ELECTRIC VEHICLES,THREE WHEELER,39
2022,AMBIKA ENTERPRISES,THREE WHEELER,92
2022,AMBIKA INDUSTRIES,THREE WHEELER,1159
2022,ANJALI AUTO COMPONENTS,THREE WHEELER,21
2022,ANJALI TRADERS,THREE WHEELER,75
2022,ANKUSH AUTO DEALS,THREE WHEELER,2
2022,APARNA INDUSTRIES,THREE WHEELER,86
2022,A P I MOTORS PVT LTD,THREE WHEELER,814
2022,APM AUTO SALES,THREE WHEELER,399
2022,APSARA ENTERPRISE,THREE WHEELER,379
2022,ARCHIT ENTERPRISES,THREE WHEELER,564
2022,ARD EXIM,THREE WHEELER,41
2022,ARMAN GREEN VEHICLES PVT LTD,THREE WHEELER,14
2022,ARNA ELECTRIC AUTO PVT LTD,THREE WHEELER,344
2022,ARROW AUTOMOTIVE,THREE WHEELER,2782
2022,ASHA IMPEX,THREE WHEELER,61
2022,ASHWA ELECTRIC,THREE WHEELER,1
2022,ASTER AUTOMOTIVE PVT LTD,THREE WHEELER,2
2022,ATTOLENT AUTO GROUP PVT LTD,THREE WHEELER,456
2022,ATUL AUTO LTD,THREE WHEELER,18280
2022,ATUT SANGAM,THREE WHEELER,943
2022,AUTOECO GREEN ENERGY PVT LTD,THREE WHEELER,21
2022,AUTOHAUS PRIVATE LIMITED,THREE WHEELER,485
2022,AUTOLITE (INDIA) LIMITED,THREE WHEELER,64
2022,A.V.AUTOMOTIVES PVT LTD,THREE WHEELER,1451
2022,AVL ELECTRIC VEHICLES PVT LTD,THREE WHEELER,1480
2022,AVON CYCLE LTD INDIA,THREE WHEELER,40
2022,AVON CYCLES LTD,THREE WHEELER,760
2022,BABA E-VEHICLES,THREE WHEELER,288
2022,BAGHWAN RIKSHAW UDYOG,THREE WHEELER,3
2022,BAJAJ AUTO LTD,THREE WHEELER,226552
2022,BAJAJ IMPLEMENTS PVT. LTD,THREE WHEELER,195
2022,BALAN ENGINEERING PVT LTD,THREE WHEELER,105
2022,BAL GOPAL WHEELS PVT LTD,THREE WHEELER,64
2022,BALI AUTO INDUSTRIES,THREE WHEELER,333
2022,BENTINCK INDUSTRIES PVT. LTD.,THREE WHEELER,254
2022,BEST WAY AGENCIES PVT LTD,THREE WHEELER,6445
2022,BESTWAY AGENCIES PVT LTD,THREE WHEELER,141
2022,BESTWAY BANARASH,THREE WHEELER,12
2022,BHADAURIA ENTERPRISES,THREE WHEELER,7
2022,BHAVE ELECTRIC VEHICLES PVT LTD,THREE WHEELER,1591
2022,BHM INDUSTRIES,THREE WHEELER,1028
2022,BIG BULL TRADER PVT LTD,THREE WHEELER,307
2022,BIJNOR ENTERPRISES,THREE WHEELER,52
2022,BRIGHT AUTOZONE PVT LTD,THREE WHEELER,3702
2022,BRIGHT METAL WORKS,THREE WHEELER,7
2022,CAPITAL AUTO INDUSTRIES,THREE WHEELER,1545
2022,CART INDIA,THREE WHEELER,7
2022,CEEON INDIA,THREE WHEELER,394
2022,CELLETRON MOTOR WORKS,THREE WHEELER,11
2022,CHAMPION POLY PLAST,THREE WHEELER,13090
2022,CHARUVIKRAM AUTOMOBILE PVT LTD,THREE WHEELER,6
2022,CHAUHAN AUTO INDUSTRIES,THREE WHEELER,406
2022,CHEHAK BATTERIES,THREE WHEELER,223
2022,CITADEL ENTERPRISES(OPC) PVT LTD,THREE WHEELER,36
2022,CITYGREEN AUTO & PETRO CHEMICALS (P) LTD,THREE WHEELER,827
2022,C M OVERSEAS,THREE WHEELER,34
2022,CONTINENTAL ENGINES PVT LTD,THREE WHEELER,5424
2022,CYRUS AUTO INDUSTRIES PVT LTD,THREE WHEELER,24
2022,DAKSH INDUSTRIES,THREE WHEELER,3225
2022,DASHMESH TRADERS,THREE WHEELER,83
2022,DAVE EXIM PVT LTD,THREE WHEELER,243
2022,DD AUTO PVT LTD,THREE WHEELER,13
2022,DEEP DRAWN TECHNOLOGIES,THREE WHEELER,4
2022,DE EUSI MOTORS PVT LTD.,THREE WHEELER,720
2022,DELTA AUTOCORP LTD,THREE WHEELER,1334
2022,DESMOTO ELECTRICS PVT LTD,THREE WHEELER,1
2022,DHAR INTERNATIONAL,THREE WHEELER,104
2022,DIAMOND E VEHICLES,THREE WHEELER,303
2022,DILLI ELECTRIC AUTO PVT LTD,THREE WHEELER,13987
2022,DIVANSU AUTOMOBILES LTD,THREE WHEELER,142
2022,DIVYA ENTERPRISES,THREE WHEELER,744
2022,DSF INDUSTRIES PVT LTD,THREE WHEELER,14
2022,D S INDUSTRIES,THREE WHEELER,46
2022,DUKE AUTO INDIA,THREE WHEELER,610
2022,DYNAVOLT TECHNOLOGY INDIA LTD,THREE WHEELER,11
2022,DYS IMPEX PRIVATE LIMITED,THREE WHEELER,421
2022,E-ASHWA AUTOMOTIVE PVT LTD,THREE WHEELER,129
2022,EBUZZ MOBILITY LLP,THREE WHEELER,1
2022,ECO DYNAAMIC EQUIPMENTS,THREE WHEELER,47
2022,ECO-FRIENDLY ELECTRIC VEHICLE PVT LTD,THREE WHEELER,29
2022,ECO SMART VEHICLES PVT LTD,THREE WHEELER,453
2022,ECOYAN ELECTRIC MOTOR VEHICLES PVT LTD,THREE WHEELER,4
2022,EDMRC MANNSCHAFT LLP,THREE WHEELER,49
2022,EEVEE ENGINEERING PVT LTD,THREE WHEELER,20
2022,EFEV CHARGING SOLUTION PVT LTD,THREE WHEELER,82
2022,E-GURU AUTO ENERGY,THREE WHEELER,12
2022,ELECTROTHERM (INDIA) LIMITED,THREE WHEELER,5
2022,ELEPHANTA INDUSTRIES PVT LTD,THREE WHEELER,49
2022,ELITE AUTO ENGINEERS PVT LTD,THREE WHEELER,509
2022,E-MOTION AUTOMOTIVE INDUSTRY LLP,THREE WHEELER,367
2022,ENERGY ELECTRIC VEHICLES,THREE WHEELER,6263
2022,ENTICE IMPEX PVT LTD,THREE WHEELER,188
2022,EPOWER VEHICLES PVT LTD,THREE WHEELER,43
2022,E ROYCE MOTORS INDIA PVT LTD,THREE WHEELER,1381
2022,ETRIO AUTOMOBILES PVT LTD,THREE WHEELER,179
2022,EULER MOTORS PVT LTD,THREE WHEELER,647
2022,EVBHARAT RANGE PRIVATE LIMITED,THREE WHEELER,15
2022,EVCO AUTOMOBILES PVT LTD,THREE WHEELER,57
2022,EVEX AUTO INDIA PVT LTD,THREE WHEELER,297
2022,EVOLUTION AUTOTECH,THREE WHEELER,2
2022,EXIDE INDUSTRIES LTD,THREE WHEELER,1056
2022,EXTRA FAST SOLUTIONS,THREE WHEELER,401
2022,EXTREME MOTORS,THREE WHEELER,177
2022,FEDE INDUSTRIES PVT LTD,THREE WHEELER,395
2022,FIRST CHOICE ELECTRIC VEHICLES PVT LTD,THREE WHEELER,268
2022,FITWEL MOBILITY PVT LTD,THREE WHEELER,31
2022,FIVE ELEMENTS,THREE WHEELER,23
2022,GAURI AUTO INDIA PVT. LTD,THREE WHEELER,10
2022,GAYATRI ELECTRIC VEHICLES PVT LTD,THREE WHEELER,2048
2022,G & G AUTOMOTIVE,THREE WHEELER,699
2022,GKON ELECTRIC MOTOR VEHICLES PVT LTD,THREE WHEELER,864
2022,G.K. RICKSHAW PVT LTD,THREE WHEELER,4151
2022,G. M. VEHICLE INDUSTRIES,THREE WHEELER,9
2022,GOBIND INDUSTRIES PVT LTD,THREE WHEELER,12
2022,GODAWARI TECHNO SOLUTIONS PVT LTD,THREE WHEELER,86
2022,GOENKA ELECTRIC MOTOR VEHICLES PVT LTD,THREE WHEELER,644
2022,GOODWILL HI PRECISION WORKS PVT LTD,THREE WHEELER,25
2022,GOPAL AUTO MOTORS PVT LTD,THREE WHEELER,1054
2022,GRAM TARANG EMPLOYABILITY TRAINNING SERVICES P LTD,THREE WHEELER,65
2022,GRD MOTORS,THREE WHEELER,2155
2022,GREEN EVOLVE PVT LTD,THREE WHEELER,69
2022,GREEN IMPEX,THREE WHEELER,175
2022,GREEN KAIKETSU AUTOMATIVE IND,THREE WHEELER,1
2022,GREEN KAIKETSU AUTOMOTIVE INDIA PVT LTD,THREE WHEELER,5
2022,GREEN SHUTTLE TECHNOLOGY PVT LTD,THREE WHEELER,36
2022,GREEN STAR MOTORS,THREE WHEELER,15
2022,GREENTECH AUTO LLP,THREE WHEELER,6
2022,GREEN TECHNOLOGIES,THREE WHEELER,43
2022,GREEN VALLEY MOTORS,THREE WHEELER,14
2022,GREENWHEELS AUTOMOBILE PVT LTD,THREE WHEELER,905
2022,GURU JI WHEELS,THREE WHEELER,117
2022,GURUKIRPA INDUSTRIES,THREE WHEELER,57
2022,G WILLIAMS FABRICATIONS LTD,THREE WHEELER,2
2022,HAARISH AUTOMOTIVES (OPC) PRIVATE LIMITED,THREE WHEELER,12
2022,HARSH TRADING CO,THREE WHEELER,45
2022,HERO ELECTRIC VEHICLES PVT. LTD,THREE WHEELER,1
2022,HERO MOTOCORP LTD,THREE WHEELER,1
2022,HIM TEKNOFORGE LTD,THREE WHEELER,449
2022,HINDUSTAN MOTOR CORPORATION,THREE WHEELER,1162
2022,HITECH ELECTRIC AUTO CO,THREE WHEELER,2
2022,HI-TECH INDUSTRIES,THREE WHEELER,297
2022,HITECH MECHANICAL WORKS,THREE WHEELER,2
2022,HITEK ELECTRIC AUTO CO,THREE WHEELER,5
2022,HOOGHLY MOTORS PVT LTD,THREE WHEELER,2599
2022,HOP MOTORS PVT LTD,THREE WHEELER,217
2022,HOTAGE INDIA,THREE WHEELER,4397
2022,HOVEL CYLINDER PVT LTD,THREE WHEELER,21
2022,HUNDAL INDUSTRIES,THREE WHEELER,848
2022,HYKON INDIA LTD,THREE WHEELER,307
2022,INDIAN MOTORS,THREE WHEELER,1114
2022,INDIA SAFE ENTERPRISE,THREE WHEELER,16
2022,INDIA YAMAHA MOTOR PVT LTD,THREE WHEELER,1
2022,INVVIGORS INDIA,THREE WHEELER,9
2022,JADE KOREA SPINE LIFE,THREE WHEELER,20
2022,JAIDKA POWER SYSTEMS PVT LTD,THREE WHEELER,636
2022,JAIN POWER CORP,THREE WHEELER,64
2022,JAISIK BUSINESS LINKS PVT LTD,THREE WHEELER,224
2022,JAJODIA COMMODITIES PVT LTD,THREE WHEELER,396
2022,JAYDEV ENTERPRISE,THREE WHEELER,23
2022,JESSUN TECHNO PVT LTD,THREE WHEELER,155
2022,JITENDRA NEW EV-TECH PVT. LTD,THREE WHEELER,66
2022,JITENDRA TEMPO PARTS,THREE WHEELER,680
2022,JOYRAM STEEL FABRICATION WORKS,THREE WHEELER,3
2022,J P AUTO TECH,THREE WHEELER,82
2022,J. S. AUTO (P) LTD,THREE WHEELER,8322
2022,J S MOBILEON PVT LTD,THREE WHEELER,6
2022,JS MOBILEON PVT LTD,THREE WHEELER,306
2022,KABMAX ELECTRIC AUTOMOBILES PVT. LTD,THREE WHEELER,263
2022,KALIKA VAHAN PVT LTD,THREE WHEELER,2
2022,KALINGA VENTURES INDIA PVT LTD,THREE WHEELER,110
2022,KALPVRIKSH ELECTOMOBILES CO,THREE WHEELER,136
2022,KAMAZ INDUSTRIES,THREE WHEELER,61
2022,KAPTECH INDIA PVT LTD,THREE WHEELER,1433
2022,KCAS ELECTRIC VEHICLES PVT LTD,THREE WHEELER,47
2022,KERALA AUTOMOBILES LIMITED,THREE WHEELER,32
2022,KETO MOTORS PVT LTD,THREE WHEELER,130
2022,KGN,THREE WHEELER,321
2022,KGN INDUSTRIES,THREE WHEELER,47
2022,KHALSA AGRO INDUSTRIES,THREE WHEELER,31
2022,KHALSAE-VEHICLES PVT LTD,THREE WHEELER,3713
2022,KHEMRAJ AUTOMOTIVE INDUSTRIES,THREE WHEELER,2
2022,KINETIC GREEN ENERGY & POWER SOLUTIONS LTD,THREE WHEELER,2704
2022,KINETIC GREEN ENERGY P SOL LTD,THREE WHEELER,316
2022,KIRAN AUTOMOBILE INDUSTRY,THREE WHEELER,10
2022,KIRTI SOLAR LTD,THREE WHEELER,101
2022,KLB KOMAKI PVT LTD,THREE WHEELER,9
2022,KPT INDUSTRIES LTD,THREE WHEELER,9
2022,KPT MOTORS,THREE WHEELER,15
2022,KRANTI AUTOMOBILES LTD,THREE WHEELER,3
2022,KRISHNA ENGINEERING WORKS,THREE WHEELER,684
2022,KRISHNA INDUSTRIES,THREE WHEELER,41
2022,KRISHNA VEHICALS,THREE WHEELER,162
2022,K T ENTERPRISES,THREE WHEELER,292
2022,KUKU AUTOMOTIVES,THREE WHEELER,338
2022,KUMAR ENGINEERING,THREE WHEELER,1317
2022,K. V. INDUSTRIES,THREE WHEELER,12
2022,LAKSHYA AUTO SALES CORPORATION,THREE WHEELER,85
2022,LAKSHYA MOTORS,THREE WHEELER,9
2022,LAWAT MOTORS LLP,THREE WHEELER,396
2022,LAXMI E-RICKSHAW COMPANY,THREE WHEELER,7
2022,LECTRIX E VEHICLES PVT LTD,THREE WHEELER,4646
2022,LOHIA AUTO INDUSTRIES,THREE WHEELER,1522
2022,LOHIA AUTO INDUSTRIES LTD.,THREE WHEELER,186
2022,LORDS VEHICLE MFG PVT LTD,THREE WHEELER,114
2022,M2J E VAHAN PVT LTD,THREE WHEELER,50
2022,MAA KALPANA ENTERPRISE,THREE WHEELER,17
2022,MAA SHAKTI EXIM PVT LTD,THREE WHEELER,2865
2022,MAC AUTO INDIA,THREE WHEELER,469
2022,MAHI ENTERPRISES,THREE WHEELER,80
2022,MAHINDRA ELECTRIC MOBILITY LIMITED,THREE WHEELER,15924
2022,MAHINDRA & MAHINDRA LIMITED,THREE WHEELER,25549
2022,MAHTAB BODY MAKER,THREE WHEELER,186
2022,MALI ENTERPRISES PVT LTD,THREE WHEELER,133
2022,MANISH EV INTERNATIONAL PRIVATE LIMITED,THREE WHEELER,173
2022,MANITA CITY MOTORS LLP,THREE WHEELER,854
2022,MANMOHAN KAUR,THREE WHEELER,39
2022,MARINE NAVAIDS & SOLAR AUTO PVT LTD,THREE WHEELER,14
2022,MARKUS,THREE WHEELER,2
2022,MARUTI SUZUKI INDIA LTD,THREE WHEELER,2
2022,M G INDUSTRIES,THREE WHEELER,64
2022,MINI METRO,THREE WHEELER,362
2022,MINI METRO EV L.L.P,THREE WHEELER,10487
2022,M.K. ENTERPRISES,THREE WHEELER,477
2022,MLR AUTO LTD,THREE WHEELER,845
2022,MLR MOTORS PVT LTD,THREE WHEELER,3
2022,MOHAN GENERAL TRADING COMPANY,THREE WHEELER,26
2022,MONDAL TRADING,THREE WHEELER,2
2022,MOTRAC MOTORS PVT LTD,THREE WHEELER,23
2022,MOVE STONE SERVICES PVT LTD,THREE WHEELER,825
2022,M/S JASRAJ AUTO AGENCY,THREE WHEELER,17
2022,M/S SHRIRAM AUTO TECH PVT LTD,THREE WHEELER,2204
2022,M/S SRISHTI AUTOMOBILES,THREE WHEELER,2
2022,M/S VISHNU CLEAN ENERGY VEHICLES LLP,THREE WHEELER,8
2022,MULTI DIMENSIONAL SOLUTIONS,THREE WHEELER,10
2022,MVM MOTORS PRIVATE LIMITED,THREE WHEELER,1
2022,N0VA AUTOMOTIVE TECHNOLOGIES PVT. LTD,THREE WHEELER,1723
2022,NABH MOTORS PVT LTD,THREE WHEELER,12
2022,NAMAH INDUSTRIES PVT LTD,THREE WHEELER,4
2022,NBC ENGINEERING PVT LTD,THREE WHEELER,4
2022,NEEDLE EYE PLASTIC INDUSTRIES PVT LTD,THREE WHEELER,542
2022,NEELAM CYCLE,THREE WHEELER,8
2022,NEW ARCANA INDIA,THREE WHEELER,1331
2022,NEWTON INDIA INDUSTRIES PVT LTD,THREE WHEELER,9
2022,NGAGE WHEEL PVT LTD,THREE WHEELER,8
2022,NHD MOTORS,THREE WHEELER,289
2022,NIBE MOTORS PVT LTD,THREE WHEELER,19
2022,NIPUN SANYANTRA PVT LTD,THREE WHEELER,569
2022,NIRMAL UTILITY SERVICES PVT LTD,THREE WHEELER,77
2022,NRJ ELECTRIC MOTOR VEHICLES PVT LTD,THREE WHEELER,1563
2022,OGATA MOTORS INDIA PVT LTD,THREE WHEELER,160
2022,OK PLAY INDIA LTD,THREE WHEELER,63
2022,OM BALAJEE AUTOMOBILE ( INDIA) PVT. LTD,THREE WHEELER,2930
2022,OM BALAJI AUTOMOBILES I P LTD,THREE WHEELER,16
2022,OMEGA SALES & AGRO INDUSTRIES,THREE WHEELER,102
2022,OMEGA SEIKI PVT LTD,THREE WHEELER,2785
2022,OM. INDUSTRIES,THREE WHEELER,1
2022,OM PACKAGING,THREE WHEELER,15
2022,OM RAJ AUTOTECH LLP,THREE WHEELER,1167
2022,OTHERS,THREE WHEELER,5160
2022,PAARTH SARTHI AUTOMOTIVE ENGINEERS PVT LTD,THREE WHEELER,23
2022,PACE AGRO PRIVATE LIMITED,THREE WHEELER,46
2022,PANTHER ELECTRIC VEHICLES,THREE WHEELER,66
2022,PARAS INDUSTRIES,THREE WHEELER,1120
2022,PARI E-VEHICLES,THREE WHEELER,484
2022,PARI METRO E RICKSHAW,THREE WHEELER,706
2022,PARVEEN AUTO,THREE WHEELER,1
2022,PASHUPATI VEHICLES PVT LTD,THREE WHEELER,1
2022,PATS MOTOR CORP,THREE WHEELER,24
2022,PIAGGIO VEHICLES PVT LTD,THREE WHEELER,61377
2022,PI BEAM,THREE WHEELER,8
2022,PIONEER TRADING CO,THREE WHEELER,76
2022,PKG MOTOR CO,THREE WHEELER,24
2022,POPULAR VEHICLE PVT LTD,THREE WHEELER,12
2022,POWERED ELECTRIC VEHICLES PVT LTD,THREE WHEELER,232
2022,PRASARANA PVT LTD,THREE WHEELER,39
2022,PRATIKSHA AUTOMOBILES,THREE WHEELER,1
2022,PRATIKSHA TRADING CO,THREE WHEELER,2
2022,PRINCE RICKSHAW,THREE WHEELER,82
2022,PROMISE MOTOR PVT LTD,THREE WHEELER,354
2022,PRUDENT E-MOTORS PVT LTD,THREE WHEELER,21
2022,PULSE AUTO,THREE WHEELER,2
2022,QUTE AUTOMOBILES,THREE WHEELER,1
2022,RAJ AUTO INDUSTRIES,THREE WHEELER,2
2022,RAJ MOTORS,THREE WHEELER,3
2022,RAJASTHAN MOTORS,THREE WHEELER,41
2022,RAJESH AGRO INDUSTRIES,THREE WHEELER,171
2022,RAJLAXMI AUTOPRODUCTS,THREE WHEELER,74
2022,RAJLAXMI INDUSTRIES,THREE WHEELER,6
2022,RAM ENTERPRISES,THREE WHEELER,44
2022,RAMKRISHNA INDUSTRIES,THREE WHEELER,125
2022,RAMS INTERNATIONAL,THREE WHEELER,15
2022,RATTAN ENGINEERING WORKS,THREE WHEELER,139
2022,RAVI AGRO INDUSTRIES,THREE WHEELER,31
2022,RELIABLE ENTERPRISES,THREE WHEELER,12
2022,RENEWABLE ENERGY PVT LTD,THREE WHEELER,20
2022,REVA ELECTRIC CAR CO. PVT LTD,THREE WHEELER,1
2022,REVA ENTERPRISES,THREE WHEELER,122
2022,REWA AUTOMOBILES,THREE WHEELER,3
2022,RICHIE RICH ENTERPRISES,THREE WHEELER,2
2022,RICHE RICH ENTERPRISES,THREE WHEELER,1
2022,RIDHAM AUTO,THREE WHEELER,3
2022,RIYA AUTOMOBILES,THREE WHEELER,2
2022,ROCKY MOTORS PVT LTD,THREE WHEELER,3
2022,ROYAL AUTOMOBILES,THREE WHEELER,3
2022,ROYAL ENGINEERING WORKS,THREE WHEELER,6
2022,RUBY MOTORS,THREE WHEELER,1
2022,RUSHIK ENTERPRISES,THREE WHEELER,130
2022,SABA ENTERPRISES,THREE WHEELER,3
2022,SABER MOTORS INDIA PVT LTD,THREE WHEELER,820
2022,SAI AUTO SALES,THREE WHEELER,11
2022,SAKSHI AUTOMOBILES PVT LTD,THREE WHEELER,260
2022,SANYUKTA MOTORS PVT LTD,THREE WHEELER,275
2022,SANYUKTA MOTORS (P) LTD,THREE WHEELER,47
2022,SANYUKTA (INDIA) PVT LTD,THREE WHEELER,142
2022,SARTHI,THREE WHEELER,266
2022,SATYAM ENTERPRISES,THREE WHEELER,1068
2022,SAWARI AUTO ENTERPRISES PVT LTD,THREE WHEELER,515
2022,SCORPIOS MOTOR PVT LTD,THREE WHEELER,118
2022,SHALIMAR STEEL INDUSTRIES,THREE WHEELER,12
2022,SHANTI MOTORS,THREE WHEELER,1
2022,SHARDUL AUTOMOTIVES,THREE WHEELER,256
2022,SHEEN AUTO,THREE WHEELER,231
2022,SHISHU MOTORS,THREE WHEELER,3
2022,SHREE AUTOMOTIVES,THREE WHEELER,140
2022,SHREE GANESH AUTO,THREE WHEELER,184
2022,SHREE MOTORS,THREE WHEELER,1
2022,SHREE SHAKTI E-VEHICLES PVT LTD,THREE WHEELER,1560
2022,SHREE SHAKTI ENGINEERING,THREE WHEELER,1
2022,SHRIJI AUTO INDUSTRIES,THREE WHEELER,1
2022,SHRI KRISHNA INDUSTRIES,THREE WHEELER,4
2022,SHRI SAI AUTOMOBILES,THREE WHEELER,3
2022,SHUBHAM TRADERS,THREE WHEELER,2
2022,SHV INDUSTRIES,THREE WHEELER,210
2022,SIETEL INDIA PVT LTD,THREE WHEELER,123
2022,SMART POWER,THREE WHEELER,224
2022,SOLO INDIA TRADING CO,THREE WHEELER,3
2022,SONALIKA INTERNATIONAL,THREE WHEELER,5
2022,SRI SAI INDUSTRIES,THREE WHEELER,2
2022,SRI SHYAM INDUSTRIES,THREE WHEELER,1
2022,SRIJAN ENTERPRISES,THREE WHEELER,5
2022,STAR INTERNATIONAL,THREE WHEELER,1
2022,STAR TRADING,THREE WHEELER,1
2022,SUGATO AUTO TRADERS,THREE WHEELER,1
2022,SULOCHANA TRADERS,THREE WHEELER,1
2022,SUN EV AUTO,THREE WHEELER,292
2022,SUZLON ENERGY LTD,THREE WHEELER,1
2022,TATA MOTORS LTD,THREE WHEELER,690
2022,TATA MOTORS,THREE WHEELER,1
2022,TATA MOTORS LIMITED,THREE WHEELER,39126
2022,TVS MOTORS,THREE WHEELER,1
2022,VICTORY ELECTRIC,THREE WHEELER,2
2022,VIKAS ENTERPRISES,THREE WHEELER,185
2022,VIKRAM AUTO INDUSTRIES,THREE WHEELER,1
2022,VIRAT MOTORS,THREE WHEELER,1
2022,V R AUTOMOBILES,THREE WHEELER,22
2022,V.R. TRADING CO.,THREE WHEELER,1
2022,WAEVE INTERNATIONAL,THREE WHEELER,1
2022,WAGHBAKHRI MOTORS PVT LTD,THREE WHEELER,1
2022,WARDWIZARD INNOVATIONS & MOBILITY LIMITED,THREE WHEELER,4
2022,WEBER MOTORS PVT LTD,THREE WHEELER,38
2022,WHEELERS INDIA PVT LTD,THREE WHEELER,33
2022,WUXI SAIGE (IMPORTER: WARIVO MOTOR),THREE WHEELER,30
2022,Y C ELECTRIC VEHICLES PVT LTD,THREE WHEELER,7465
2022,Y D INDUSTRIES,THREE WHEELER,4
2022,YINGJIAO ELECTRIC (IMPORTER: WARIVO MOTOR),THREE WHEELER,1
2022,YUGANDHAR MOTORS,THREE WHEELER,244
2022,4G AUTOMOBILES,FOUR WHEELER,10
2022,A K CARS,FOUR WHEELER,1
2022,ADITYA MOTORS,FOUR WHEELER,1
2022,ADITYA MOTORS PRIVATE LIMITED,FOUR WHEELER,1
2022,ALBEDO VISION PVT LTD,FOUR WHEELER,11
2022,ALLFINE INDUSTRIES PVT LTD,FOUR WHEELER,1001
2022,ALPINE MOTORS,FOUR WHEELER,2
2022,AMBY AUTOMOBILES,FOUR WHEELER,3
2022,ANTA ELECTRIC AUTO PVT LTD,FOUR WHEELER,1
2022,ASHOK LEYLAND LTD,FOUR WHEELER,79155
2022,ASHOK LEYLAND PANTNAGAR,FOUR WHEELER,1
2022,A.T.V MOTORS PVT LTD,FOUR WHEELER,1
2022,AUDI INDIA PVT LTD,FOUR WHEELER,2459
2022,BAJAJ AUTO LTD,FOUR WHEELER,1
2022,BALAJI INDUSTRIAL AUTOMATIONS PVT LTD,FOUR WHEELER,300
2022,BMW INDIA PVT LTD,FOUR WHEELER,14341
2022,BUGATI AUTOMOBILES,FOUR WHEELER,2
2022,CHANDANA CORPORATION,FOUR WHEELER,1
2022,CHEVROLET SALES INDIA PVT LTD,FOUR WHEELER,4
2022,CITROEN INDIA PRIVATE LIMITED,FOUR WHEELER,5080
2022,COURIER MOTORS,FOUR WHEELER,1
2022,DEEPRATNA INDUSTRIES,FOUR WHEELER,6
2022,EICHER MOTORS LTD,FOUR WHEELER,2
2022,EKO-BAZAR PRIVATE LIMITED,FOUR WHEELER,3
2022,FCA INDIA AUTOMOBILES PVT LTD,FOUR WHEELER,6610
2022,FERRARI INDIA PVT LTD,FOUR WHEELER,2
2022,FORCE MOTORS LTD,FOUR WHEELER,10519
2022,FORD INDIA PVT LTD,FOUR WHEELER,197
2022,FOTON MOTOR CO LTD,FOUR WHEELER,1
2022,GLEAM AUTOS,FOUR WHEELER,1
2022,HARIDWAR MOTORS,FOUR WHEELER,1
2022,HAYABUSA MANUFACTURING INDIA PVT LTD,FOUR WHEELER,1
2022,HERO ELECTRIC VEHICLES PVT. LTD,FOUR WHEELER,1
2022,HERO MOTOCORP LTD,FOUR WHEELER,2
2022,HONDA CARS INDIA LTD,FOUR WHEELER,96180
2022,HYUNDAI MOTOR INDIA LTD,FOUR WHEELER,497793
2022,IIL,FOUR WHEELER,1
2022,INDIA YAMAHA MOTOR PVT LTD,FOUR WHEELER,1
2022,ISUZU MOTORS INDIA PVT LTD,FOUR WHEELER,2035
2022,IVECO S P A,FOUR WHEELER,1
2022,JAGUAR LANDROVER INDIA PVT LTD,FOUR WHEELER,1344
2022,JAYPEE GENERAL AGENCIES,FOUR WHEELER,2
2022,JINDAL MOTORS,FOUR WHEELER,1
2022,KAIZEN AUTOMOBILE,FOUR WHEELER,2
2022,LAMBORGHINI INDIA PVT LTD,FOUR WHEELER,42
2022,MAHINDRA & MAHINDRA LIMITED,FOUR WHEELER,256345
2022,MAHINDRA ELECTRIC MOBILITY LIMITED,FOUR WHEELER,2581
2022,MARUTI SUZUKI INDIA LTD,FOUR WHEELER,1648083
2022,MARUTI UDYOG LTD,FOUR WHEELER,2
2022,MERCEDES BENZ INDIA PVT LTD,FOUR WHEELER,12489
2022,MG MOTOR INDIA PVT LTD,FOUR WHEELER,39556
2022,MINI METRO EV L.L.P,FOUR WHEELER,1
2022,NISSAN MOTOR INDIA PVT LTD,FOUR WHEELER,22731
2022,OMA AUTOMOTIVES PVT LTD,FOUR WHEELER,1
2022,PEUGEOT MOTORS,FOUR WHEELER,1
2022,PIAGGIO VEHICLES PVT LTD,FOUR WHEELER,2
2022,POCHIRAJU INDUSTRIES,FOUR WHEELER,1
2022,PORSCHE INDIA PVT LTD,FOUR WHEELER,741
2022,RAIL COACH FACTORY,FOUR WHEELER,1
2022,RELIANCE INDUSTRIES LTD,FOUR WHEELER,1
2022,RENAULT INDIA PVT LTD,FOUR WHEELER,94626
2022,ROLLS ROYCE MOTOR CARS LIMITED,FOUR WHEELER,8
2022,SHREE CARS PVT. LTD,FOUR WHEELER,1
2022,SKODA AUTO AS,FOUR WHEELER,2
2022,SKODA AUTO INDIA PVT LTD,FOUR WHEELER,833
2022,SKODA AUTO VOLKSWAGEN INDIA PVT LTD,FOUR WHEELER,80998
2022,SML ISUZU LTD,FOUR WHEELER,5
2022,SMV,FOUR WHEELER,48
2022,SUZUKI MOTORCYCLE INDIA PVT LTD,FOUR WHEELER,3
2022,SWARAJ AUTOMOTIVES LTD,FOUR WHEELER,1
2022,TATA MOTORS LTD,FOUR WHEELER,485669
2022,THE LEYLAND,FOUR WHEELER,2
2022,TOYOTA KIRLOSKAR MOTOR PVT LTD,FOUR WHEELER,143468
2022,TRIDENITE AUTO,FOUR WHEELER,1
2022,VOLKSWAGEN INDIA PVT LTD,FOUR WHEELER,42914
2022,VULCAN MOTORS,FOUR WHEELER,1
2022,VOLVO CARS INDIA PVT LTD,FOUR WHEELER,1439
2022,V.R.AUTOMOBILES,FOUR WHEELER,1
2022,ZYPP ELECTRIC PVT LTD,FOUR WHEELER,1
2022,ASHOK LEYLAND LTD,FOUR WHEELER,13
2022,AYAN MOTOR TRADING,FOUR WHEELER,2
2022,BAJAJ AUTO LTD,FOUR WHEELER,1
2022,BMW INDIA PVT LTD,FOUR WHEELER,1
2022,BUILTUP,FOUR WHEELER,3
2022,CARRIER MOTORS,FOUR WHEELER,1
2022,EASYGO MOTORS,FOUR WHEELER,1
2022,FORD INDIA PVT LTD,FOUR WHEELER,2
2022,FORCE MOTORS LTD,FOUR WHEELER,1
2022,HARLEY DAVIDSON (IMPORTER: HERO MOTOCORP),FOUR WHEELER,1
2022,HERO ELECTRIC VEHICLES PVT. LTD,FOUR WHEELER,1
2022,HERO MOTOCORP LTD,FOUR WHEELER,1
2022,HINDUSTAN MOTORS LTD,FOUR WHEELER,1
2022,HONDA CARS INDIA LTD,FOUR WHEELER,2
2022,HYUNDAI MOTOR INDIA LTD,FOUR WHEELER,2
2022,INDIA YAMAHA MOTOR PVT LTD,FOUR WHEELER,1
2022,JAGUAR LANDROVER INDIA PVT LTD,FOUR WHEELER,2
2022,MAHINDRA & MAHINDRA LIMITED,FOUR WHEELER,2
2022,MARUTI SUZUKI INDIA LTD,FOUR WHEELER,4
2022,MERCEDES BENZ INDIA PVT LTD,FOUR WHEELER,1
2022,OTHERS,FOUR WHEELER,1
2022,PIAGGIO VEHICLES PVT LTD,FOUR WHEELER,1
2022,RENAULT INDIA PVT LTD,FOUR WHEELER,1
2022,ROLLS ROYCE MOTOR CARS LIMITED,FOUR WHEELER,1
2022,SML ISUZU LTD,FOUR WHEELER,1
2022,TATA MOTORS LTD,FOUR WHEELER,5
2022,TVS MOTOR COMPANY LTD,FOUR WHEELER,1
2022,VOLVO CARS INDIA PVT LTD,FOUR WHEELER,1
2022,YAMAHA,FOUR WHEELER,1
2022,YANGGUANG LINGMU (IMPORTER: DAWNGATE BUSINESS),FOUR WHEELER,1
